{"cameraMode":{"drawMode":0,"name":"Shaded","section":"Shading Mode"},"sceneLighting":false,"audioPlay":false,"sceneViewState":{"m_AlwaysRefresh":false,"showFog":true,"showSkybox":false,"showFlares":true,"showImageEffects":true,"showParticleSystems":true,"showVisualEffectGraphs":true,"m_FxEnabled":true},"in2DMode":false,"pivot":{"x":-21.376920700073243,"y":1.7490582466125489,"z":-7.2253265380859379},"rotation":{"x":0.20546485483646394,"y":-0.3469219207763672,"z":-0.07833326607942581,"w":-0.9118144512176514},"size":0.6148778200149536,"orthographic":false}